frame_id,gesture,rep,activation_ratio,centroid_x,centroid_y,delta_ds_abs_p98,delta_ds_max,delta_ds_min,delta_l2,delta_q0_mean,delta_q1_mean,delta_q2_mean,delta_q3_mean,delta_rel_l2,elec_0_mean,elec_1_mean,elec_2_mean,elec_3_mean,elec_4_mean,elec_5_mean,elec_6_mean,elec_7_mean,global_kurtosis,global_mean,global_skew,global_std,q0_dorsal_absmax,q0_dorsal_active,q0_dorsal_mean,q1_radial_absmax,q1_radial_active,q1_radial_mean,q2_ventral_absmax,q2_ventral_active,q2_ventral_mean,q3_ulnar_absmax,q3_ulnar_active,q3_ulnar_mean,ring_inner_mean,ring_inner_std,ring_middle_mean,ring_middle_std,ring_outer_mean,ring_outer_std,summary_ds_abs_p98,summary_ds_max,summary_ds_min,summary_invalid_count,summary_rel_l2,summary_retry_count,summary_valid_count
0,paper,0,3.639846743e-01,-6.171272994e-02,1.385562543e-01,0.000000000e+00,0.000000000e+00,0.000000000e+00,0.000000000e+00,0.000000000e+00,0.000000000e+00,0.000000000e+00,0.000000000e+00,0.000000000e+00,3.033883115e-01,-2.603933683e-01,1.509958254e-01,-1.705910740e-01,1.232610136e-01,7.757039377e-02,-6.288480174e-03,-1.412702752e-01,5.690544324e-01,1.184111895e-02,4.604217834e-02,6.027275057e-01,1.747582436e+00,5.692307692e-01,9.581372491e-02,1.245980740e+00,2.727272727e-01,-6.551634759e-02,1.294045925e+00,2.500000000e-01,4.978499442e-02,1.674050808e+00,3.636363636e-01,-3.029576934e-02,-2.633019285e-01,7.011334332e-01,4.529813627e-02,7.466889897e-01,2.966146848e-02,4.505059879e-01,1.520872116e+00,1.629600406e+00,-1.747582436e+00,1.700000000e+01,1.263983697e-01,1.900000000e+01,2.300000000e+01
1,paper,0,4.137931034e-01,-3.398209689e-02,9.137187553e-02,0.000000000e+00,0.000000000e+00,0.000000000e+00,1.099903202e+01,-1.554030355e-01,1.002692040e-01,-5.717482594e-02,4.663162700e-02,0.000000000e+00,8.446357410e-02,-1.947738847e-01,1.325230050e-01,-1.734648200e-02,8.266689509e-02,-5.835939515e-02,1.708891923e-01,-2.360093871e-01,1.364296041e-01,-3.733330548e-03,1.588859552e-01,4.141662617e-01,1.118149519e+00,5.692307692e-01,-5.958931056e-02,7.741883993e-01,3.181818182e-01,3.475285644e-02,7.663394809e-01,4.062500000e-01,-7.389831520e-03,1.034034729e+00,3.636363636e-01,1.633585767e-02,4.148464469e-01,4.727196519e-01,-1.560088992e-01,4.696542758e-01,3.674083098e-02,2.976880974e-01,1.008629322e+00,1.072031736e+00,-1.118149519e+00,2.000000000e+01,1.101216003e-01,2.000000000e+01,2.000000000e+01
2,paper,0,3.984674330e-01,-7.502501562e-02,9.125881069e-02,0.000000000e+00,0.000000000e+00,0.000000000e+00,1.032410634e+01,1.421457647e-01,-9.198162360e-02,6.935788485e-02,-3.548529473e-02,0.000000000e+00,1.533307032e-01,-9.957791319e-02,5.236153257e-02,-1.009173890e-01,7.585777108e-02,1.065894533e-01,-7.549647446e-02,9.820198058e-03,2.736786036e-01,1.644123927e-02,2.166945362e-01,4.560776681e-01,1.242533326e+00,6.000000000e-01,8.255645410e-02,6.995184422e-01,3.181818182e-01,-5.722876716e-02,1.226260900e+00,3.281250000e-01,6.196805333e-02,1.235246062e+00,3.484848485e-01,-1.914943707e-02,-2.245178555e-01,5.401306200e-01,6.804985510e-02,5.774524201e-01,1.717536337e-02,3.192530557e-01,1.170275807e+00,1.235246062e+00,-1.242533326e+00,1.800000000e+01,1.067401394e-01,1.900000000e+01,2.200000000e+01
3,paper,0,4.712643678e-01,-1.328880562e-01,8.473499974e-02,0.000000000e+00,0.000000000e+00,0.000000000e+00,7.488097930e+00,-4.453576480e-02,5.236648969e-04,-5.105079067e-02,-8.581739586e-02,0.000000000e+00,1.236750636e-01,-1.435174337e-01,-2.789441682e-02,5.338467866e-02,-8.253530314e-02,1.269871594e-01,-8.254159996e-02,-2.127295472e-01,2.931701825e-01,-2.873677436e-02,-4.427638373e-01,2.110161172e-01,4.434587359e-01,5.538461538e-01,3.802068930e-02,4.182837009e-01,2.878787879e-01,-5.670510227e-02,3.947207332e-01,4.375000000e-01,1.091726265e-02,6.607092619e-01,6.060606061e-01,-1.049668329e-01,1.276575703e-02,1.259732928e-01,-1.268708204e-01,2.327069377e-01,3.063347051e-02,1.791493251e-01,4.976963103e-01,4.434587359e-01,-6.607092619e-01,1.600000000e+01,1.219825968e-01,1.600000000e+01,2.400000000e+01
4,paper,0,4.137931034e-01,-6.344982526e-03,3.430626125e-02,0.000000000e+00,0.000000000e+00,0.000000000e+00,6.645903060e+00,-6.569352861e-02,1.166985182e-01,-1.592818992e-02,1.737604323e-01,0.000000000e+00,-3.501859422e-02,-4.512430675e-02,2.242582932e-02,1.051073929e-01,-1.491346722e-02,2.654849552e-03,7.356598263e-02,8.998036154e-02,3.317683473e-01,2.444639508e-02,3.996474471e-01,3.468792358e-01,9.002807736e-01,5.230769231e-01,-2.767283931e-02,8.095690012e-01,3.636363636e-01,5.999341597e-02,5.860517025e-01,4.062500000e-01,-5.010927263e-03,1.107168555e+00,3.636363636e-01,6.879359941e-02,4.030493466e-01,3.941625769e-01,-6.258117377e-02,4.386244233e-01,2.725184388e-02,2.030034289e-01,8.821387291e-01,1.107168555e+00,-8.095690012e-01,2.000000000e+01,7.908040285e-02,2.100000000e+01,2.000000000e+01
5,scissors,0,4.061302682e-01,-6.697713979e-02,8.596790892e-03,0.000000000e+00,0.000000000e+00,0.000000000e+00,0.000000000e+00,0.000000000e+00,0.000000000e+00,0.000000000e+00,0.000000000e+00,0.000000000e+00,-6.943710532e-03,-8.451062375e-02,-1.270169124e-02,-9.889453528e-02,5.709765741e-02,8.231555225e-03,-2.808116528e-02,-2.111733321e-01,5.537659467e-01,-4.640107203e-02,-3.190252878e-02,2.702630471e-01,8.735727668e-01,3.538461538e-01,-2.359662471e-02,8.574391007e-01,3.181818182e-01,-9.531208186e-02,6.835950613e-01,3.750000000e-01,4.451744299e-02,8.132272363e-01,5.757575758e-01,-1.081123961e-01,-4.141527097e-01,3.258401248e-01,1.085197738e-01,2.862205272e-01,-9.605118875e-02,1.552498715e-01,6.825156212e-01,6.835950613e-01,-8.735727668e-01,1.600000000e+01,8.530794084e-02,1.800000000e+01,2.400000000e+01
6,scissors,0,4.022988506e-01,-2.216172276e-02,2.848535302e-02,0.000000000e+00,0.000000000e+00,0.000000000e+00,1.457394740e+01,2.317928574e-02,1.353178716e-01,-1.043425010e-01,8.092912729e-02,0.000000000e+00,-1.871884655e-01,6.799363867e-02,-1.759401570e-01,3.059810358e-01,-3.124440896e-01,1.200042914e-01,-2.143142740e-01,3.100077494e-01,4.734122764e-01,-1.153120445e-02,1.667357587e-01,7.237028478e-01,2.131429672e+00,5.230769231e-01,-4.173389708e-04,1.715599895e+00,3.787878788e-01,4.000578976e-02,1.730530500e+00,3.281250000e-01,-5.982505801e-02,1.961339474e+00,3.787878788e-01,-2.718326880e-02,2.208535728e-01,9.137470329e-01,-1.312641144e-01,8.889365871e-01,3.440128883e-02,5.302642038e-01,1.754770875e+00,2.131429672e+00,-1.961339474e+00,1.500000000e+01,1.858014911e-01,1.600000000e+01,2.500000000e+01
7,scissors,0,2.567049808e-01,-1.171823202e-01,-2.741088523e-01,0.000000000e+00,0.000000000e+00,0.000000000e+00,4.325825401e+02,-1.187864425e+00,2.925836407e+00,1.006929997e+01,4.843541258e+00,0.000000000e+00,-9.442747106e-01,-1.180752822e+00,5.412799826e+00,-5.654285626e+00,1.656936621e+01,1.757582547e+01,-5.715317428e+00,6.761355803e+00,1.592979698e+00,4.126411080e+00,8.198752516e-01,2.677569517e+01,2.655064011e+01,1.538461538e-02,-1.188281764e+00,2.816399765e+01,4.545454545e-02,2.965842197e+00,9.698336029e+01,6.718750000e-01,1.000947491e+01,8.724786377e+01,3.030303030e-01,4.816357989e+00,-6.225257601e-01,2.532406046e+01,-1.720522683e-01,3.072002040e+01,7.684606601e+00,2.342032934e+01,8.140476990e+01,9.698336029e+01,-5.403464127e+01,1.300000000e+01,2.666420937e-01,1.400000000e+01,2.700000000e+01
8,scissors,0,3.716475096e-01,-8.410223746e-02,3.833589022e-02,0.000000000e+00,0.000000000e+00,0.000000000e+00,4.404878328e+02,1.194842354e+00,-3.066833012e+00,-9.969348898e+00,-4.915004035e+00,0.000000000e+00,8.882762305e-02,-1.607164673e-01,2.528356179e-02,-1.017362527e-01,6.119930498e-02,2.016125278e-02,1.141164903e-03,-2.572479796e-01,7.074679591e-01,-3.900969271e-02,-9.076996858e-02,3.334618258e-01,1.065423608e+00,3.846153846e-01,6.560590090e-03,9.159676433e-01,2.424242424e-01,-1.009908150e-01,8.084225059e-01,3.437500000e-01,4.012601048e-02,9.805794358e-01,5.151515152e-01,-9.864604592e-02,-4.560141929e-01,4.220333661e-01,1.293358240e-01,3.591158950e-01,-9.042688090e-02,2.066319849e-01,8.710275292e-01,9.276075363e-01,-1.065423608e+00,1.600000000e+01,8.553459495e-02,1.700000000e+01,2.400000000e+01
9,scissors,0,3.678160920e-01,-6.441747159e-02,1.001614091e-01,0.000000000e+00,0.000000000e+00,0.000000000e+00,1.967938779e+01,-4.600181021e-02,2.482091477e-01,-7.836202054e-02,1.874013236e-01,0.000000000e+00,-3.885734217e-01,3.591947238e-01,-1.828145935e-01,3.104757799e-01,-2.187984992e-01,1.915792139e-02,-1.462504205e-01,5.985393213e-01,7.199511871e-01,4.047308172e-02,1.469234207e-01,9.417638871e-01,2.830789328e+00,5.538461538e-01,-3.944122012e-02,1.418332458e+00,2.424242424e-01,1.472183326e-01,1.780581832e+00,2.656250000e-01,-3.823601006e-02,2.747299910e+00,4.090909091e-01,8.875527769e-02,5.918592545e-01,1.102804648e+00,6.831856435e-02,1.169649043e+00,-5.850105689e-02,6.807930436e-01,2.442739725e+00,2.830789328e+00,-2.566208124e+00,1.700000000e+01,1.052497178e-01,1.800000000e+01,2.300000000e+01
10,rock,0,3.716475096e-01,2.703956627e-02,-4.863402660e-03,0.000000000e+00,0.000000000e+00,0.000000000e+00,0.000000000e+00,0.000000000e+00,0.000000000e+00,0.000000000e+00,0.000000000e+00,0.000000000e+00,-2.477801931e-02,1.992287813e-03,-8.242213604e-03,2.300189766e-01,-1.492214840e-01,9.968189794e-02,-2.045895660e-02,1.266877327e-01,6.899042190e-01,3.184938866e-02,1.977795433e-01,4.372823744e-01,1.152157068e+00,4.000000000e-01,-1.987408539e-02,1.403817892e+00,3.939393939e-01,1.186814972e-01,1.188010097e+00,3.593750000e-01,-5.060622518e-02,1.151693583e+00,3.333333333e-01,7.591402401e-02,6.105402293e-01,5.385766507e-01,-1.988006964e-01,4.877416326e-01,1.012236977e-01,2.378378347e-01,1.109263659e+00,1.403817892e+00,-1.072008610e+00,1.400000000e+01,8.740352839e-02,1.500000000e+01,2.600000000e+01
11,rock,0,3.946360153e-01,-4.230473081e-02,3.439939968e-02,0.000000000e+00,0.000000000e+00,0.000000000e+00,1.152913230e+01,6.862845980e-02,-2.249286322e-01,1.002978123e-01,-2.149914820e-01,0.000000000e+00,5.469013542e-02,-4.509330529e-02,-6.272561188e-02,-7.321808493e-02,8.580256585e-03,4.724706261e-02,-1.309714664e-01,-1.089501339e-01,3.824879179e-01,-3.770929971e-02,-1.134563227e-01,3.583814575e-01,9.843629003e-01,4.615384615e-01,4.875437441e-02,7.178553343e-01,3.181818182e-01,-1.062471350e-01,6.975482106e-01,3.125000000e-01,4.969158713e-02,1.081982970e+00,4.848484848e-01,-1.390774580e-01,-4.162378540e-01,4.329054814e-01,5.370250570e-02,4.365857986e-01,-4.344842248e-02,2.277973956e-01,9.680392146e-01,9.843629003e-01,-1.081982970e+00,1.400000000e+01,7.832162082e-02,1.400000000e+01,2.600000000e+01
12,rock,0,4.022988506e-01,-6.469042062e-02,-1.500585815e-03,0.000000000e+00,0.000000000e+00,0.000000000e+00,3.405110063e+00,5.359037067e-02,2.119742837e-03,-2.060143895e-02,-8.217256361e-03,0.000000000e+00,7.335042995e-02,-3.117067555e-02,-9.332430390e-02,-1.049185178e-02,-1.307252693e-01,1.966214240e-01,-2.457767720e-01,-1.728880258e-02,4.667128053e-01,-3.095663263e-02,-1.018857481e-01,4.694282210e-01,1.455624223e+00,4.000000000e-01,1.023447451e-01,1.191646457e+00,3.333333333e-01,-1.041273921e-01,9.405504465e-01,4.218750000e-01,2.909014818e-02,1.294262648e+00,4.545454545e-01,-1.472947144e-01,-4.676891643e-01,5.608869654e-01,3.091864391e-02,5.687966275e-01,-8.516656109e-03,3.270649300e-01,1.177294731e+00,1.455624223e+00,-1.294262648e+00,1.500000000e+01,1.438128501e-01,1.600000000e+01,2.500000000e+01
13,rock,0,4.406130268e-01,2.813673640e-02,9.246490774e-02,0.000000000e+00,0.000000000e+00,0.000000000e+00,6.199624513e+00,5.183947806e-03,3.535468181e-03,5.637514942e-03,5.047166146e-02,0.000000000e+00,1.403234662e-01,-1.126439602e-02,1.517176221e-03,-2.017609088e-01,4.696942268e-02,4.322960476e-02,-1.363108597e-01,-7.282819366e-03,2.366612358e-01,-1.462625669e-02,1.696485250e-01,5.254894871e-01,1.556988716e+00,6.000000000e-01,1.075286929e-01,1.135519743e+00,4.242424242e-01,-1.005919240e-01,9.028668404e-01,4.062500000e-01,3.472766312e-02,1.224882364e+00,3.333333333e-01,-9.682305291e-02,-5.269538723e-01,6.179967635e-01,2.041531968e-01,6.421762068e-01,-8.576478177e-02,3.076201977e-01,1.241451025e+00,1.556988716e+00,-1.224882364e+00,1.600000000e+01,1.279712319e-01,1.800000000e+01,2.400000000e+01
14,rock,0,2.490421456e-01,-4.849820765e-02,1.523245642e-01,0.000000000e+00,0.000000000e+00,0.000000000e+00,1.216846126e+01,-4.559496862e-03,-1.381954018e-02,-4.305310940e-04,-8.126645247e-02,0.000000000e+00,-1.885822166e-01,2.999180497e-01,-2.717864021e-01,1.470749192e-02,-1.374332764e-01,4.507571848e-02,-3.593014792e-01,2.860822611e-01,2.828951003e+00,-3.991206819e-02,4.640489041e-01,9.187875012e-01,3.461133003e+00,5.076923077e-01,1.029691960e-01,1.707172751e+00,1.212121212e-01,-1.144114641e-01,1.716832042e+00,1.875000000e-01,3.429713203e-02,1.862965465e+00,1.818181818e-01,-1.780895054e-01,-6.018573124e-01,1.317018252e+00,3.468202012e-01,1.039035535e+00,-2.157832330e-01,6.169972358e-01,2.837761164e+00,3.461133003e+00,-3.063158512e+00,1.600000000e+01,1.244656593e-01,1.700000000e+01,2.400000000e+01
15,paper,1,4.406130268e-01,-6.778647605e-02,3.406698053e-02,0.000000000e+00,0.000000000e+00,0.000000000e+00,0.000000000e+00,0.000000000e+00,0.000000000e+00,0.000000000e+00,0.000000000e+00,0.000000000e+00,1.342353163e-01,-4.608263489e-02,5.299322656e-04,-7.793791589e-02,2.028737491e-02,7.276095729e-02,-5.309027067e-02,-2.381969755e-01,4.760941333e-01,-2.190127919e-02,-4.989910366e-01,2.906979113e-01,5.093115568e-01,4.307692308e-01,5.485022666e-02,6.414766312e-01,4.545454545e-01,-6.565223394e-02,4.236094952e-01,3.437500000e-01,3.465000662e-02,9.394116998e-01,5.303030303e-01,-1.085765392e-01,-3.102441478e-02,2.097906747e-01,-5.199092571e-02,3.861879565e-01,-5.110575653e-04,2.150504151e-01,7.073826790e-01,6.646901369e-01,-9.394116998e-01,1.700000000e+01,1.097385138e-01,1.800000000e+01,2.300000000e+01
16,paper,1,3.984674330e-01,-8.865781873e-02,7.769213255e-02,0.000000000e+00,0.000000000e+00,0.000000000e+00,6.452396468e+00,-9.141147011e-03,7.023197284e-02,-3.831389031e-02,6.590541285e-02,0.000000000e+00,2.844716121e-01,-2.039682839e-01,1.313837600e-01,-4.377350354e-02,6.033427773e-02,-2.807182579e-02,1.381664475e-01,-3.490069253e-01,2.259056171e-01,8.527588205e-04,-4.143101350e-02,3.914382797e-01,1.011804104e+00,4.461538462e-01,4.570907965e-02,1.088542223e+00,3.181818182e-01,4.579738904e-03,7.878585458e-01,2.812500000e-01,-3.663883697e-03,9.935727715e-01,5.454545455e-01,-4.267112630e-02,3.540642849e-01,4.264374869e-01,-2.660061881e-01,3.742224685e-01,1.272487092e-01,2.760279497e-01,9.375640750e-01,1.088542223e+00,-9.935727715e-01,1.700000000e+01,1.186663955e-01,1.800000000e+01,2.300000000e+01
17,paper,1,3.793103448e-01,-1.336517510e-01,2.573426885e-02,0.000000000e+00,0.000000000e+00,0.000000000e+00,5.533805615e+00,-1.876924198e-02,-6.352592046e-02,2.847716564e-02,-7.223649585e-02,0.000000000e+00,1.067045525e-01,-3.354428683e-02,-1.579491657e-02,-5.244240784e-02,5.982638280e-04,6.693430739e-02,-2.014612107e-02,-3.136753546e-01,6.915945498e-01,-3.116939292e-02,-5.199834729e-01,2.951334037e-01,5.402371883e-01,2.769230769e-01,2.693983766e-02,6.305138469e-01,3.333333333e-01,-5.894618155e-02,4.687408507e-01,3.437500000e-01,2.481328195e-02,1.004604578e+00,5.606060606e-01,-1.149076222e-01,1.068265768e-01,2.589471253e-01,-1.222291201e-01,3.451502289e-01,9.412679640e-03,2.423341137e-01,7.944592237e-01,6.662612557e-01,-1.004604578e+00,1.700000000e+01,1.437622607e-01,1.800000000e+01,2.300000000e+01
18,paper,1,2.950191571e-01,-1.166514173e-01,7.692622764e-02,0.000000000e+00,0.000000000e+00,0.000000000e+00,2.712185856e+00,-3.787395386e-02,2.151426533e-03,6.079518731e-03,-8.471467278e-03,0.000000000e+00,9.127410651e-02,-8.307517009e-02,2.073707880e-02,-7.140558298e-02,4.091963371e-02,3.805434018e-02,8.213068533e-03,-3.826914949e-01,1.339508253e+00,-4.070901166e-02,-8.232821416e-01,2.810458889e-01,8.201954961e-01,2.000000000e-01,-1.093411620e-02,6.880246401e-01,3.333333333e-01,-5.679475502e-02,4.337325394e-01,1.250000000e-01,3.089280068e-02,1.029725671e+00,5.151515152e-01,-1.233790894e-01,1.446641052e-01,2.815309138e-01,-1.703755316e-01,3.136443299e-01,1.870175543e-02,2.151119258e-01,8.126572967e-01,6.334677935e-01,-1.029725671e+00,1.700000000e+01,1.538197994e-01,1.800000000e+01,2.300000000e+01
19,paper,1,4.022988506e-01,-2.016318107e-01,-1.116879610e-03,0.000000000e+00,0.000000000e+00,0.000000000e+00,4.283615338e+00,1.245050232e-02,-1.579766571e-02,-2.846709267e-02,-1.040717835e-02,0.000000000e+00,3.315700196e-02,-2.278384776e-02,-1.167590712e-01,7.844186732e-02,-1.108163616e-01,9.858088791e-02,-6.868593879e-02,-3.130002700e-01,2.073563991e-01,-5.121526066e-02,-2.749856159e-01,2.707862992e-01,5.390849710e-01,2.769230769e-01,1.516386122e-03,5.484203696e-01,2.121212121e-01,-7.259242073e-02,6.586956382e-01,4.375000000e-01,2.425708008e-03,8.236746788e-01,6.818181818e-01,-1.337862678e-01,-4.836436450e-02,2.287395445e-01,-1.692698677e-01,2.750541000e-01,2.707205503e-02,2.437495578e-01,6.661432981e-01,7.029505372e-01,-8.236746788e-01,1.800000000e+01,1.494030952e-01,1.800000000e+01,2.200000000e+01
20,scissors,1,2.605363985e-01,-1.653276159e-03,1.484233548e-01,0.000000000e+00,0.000000000e+00,0.000000000e+00,0.000000000e+00,0.000000000e+00,0.000000000e+00,0.000000000e+00,0.000000000e+00,0.000000000e+00,-4.207206853e-01,6.513990996e-01,-5.016776143e-01,-1.563244005e-02,-2.113192386e-01,7.692741902e-02,-6.056833864e-01,4.984923513e-01,2.481530146e+00,-6.856064928e-02,1.921728906e-01,1.640791748e+00,5.770133972e+00,4.923076923e-01,1.422279237e-01,3.312318087e+00,1.818181818e-01,-2.036252803e-01,2.405638933e+00,2.031250000e-01,7.972806308e-02,3.169355154e+00,1.666666667e-01,-2.848859400e-01,-1.054784218e+00,2.298691579e+00,5.312958656e-01,1.881701265e+00,-3.246407220e-01,1.140696723e+00,5.042395115e+00,5.770133972e+00,-5.741467476e+00,1.500000000e+01,1.637935340e-01,1.700000000e+01,2.500000000e+01
21,scissors,1,4.750957854e-01,-1.042121112e-01,-8.139521873e-02,0.000000000e+00,0.000000000e+00,0.000000000e+00,2.517270020e+01,-1.375166363e-01,1.665323879e-01,-1.180233312e-01,1.838760793e-01,0.000000000e+00,-1.996100782e-02,7.763668033e-02,-1.144991784e-01,6.042267111e-02,-1.889992981e-01,1.543978729e-01,-1.444662605e-01,-1.759484925e-01,-7.343349738e-02,-4.313963673e-02,1.740038516e-01,2.441072686e-01,4.902002513e-01,2.923076923e-01,4.711287395e-03,6.001359224e-01,3.030303030e-01,-3.709289241e-02,5.504351854e-01,6.250000000e-01,-3.829526810e-02,6.342803240e-01,6.818181818e-01,-1.010098608e-01,-8.981581059e-02,2.770389522e-01,-1.094112548e-01,2.850163126e-01,7.848384028e-03,1.918579060e-01,5.675788522e-01,6.170739532e-01,-6.342803240e-01,1.900000000e+01,1.339476407e-01,2.100000000e+01,2.100000000e+01
22,scissors,1,3.448275862e-01,-2.224521373e-01,2.068871272e-02,0.000000000e+00,0.000000000e+00,0.000000000e+00,3.853039160e+00,5.413307237e-03,1.065747241e-04,3.578348338e-02,-2.350400856e-02,0.000000000e+00,8.575291400e-02,-6.569444179e-02,-2.402873340e-02,2.509199908e-02,-6.916249507e-02,8.692200809e-02,-6.534122842e-02,-2.977908117e-01,6.922261691e-01,-3.893359354e-02,-4.961645469e-01,2.617119455e-01,5.046868324e-01,2.307692308e-01,1.012459463e-02,3.989167809e-01,1.515151515e-01,-3.698631769e-02,5.575077534e-01,3.281250000e-01,-2.511784711e-03,8.200916052e-01,6.666666667e-01,-1.245138693e-01,2.689356268e-02,2.559209138e-01,-1.779011359e-01,2.749539446e-01,4.411164110e-02,2.092594570e-01,6.835876703e-01,5.814454556e-01,-8.200916052e-01,1.700000000e+01,1.368210316e-01,1.900000000e+01,2.300000000e+01
23,scissors,1,3.409961686e-01,-1.598980662e-01,7.568884827e-02,0.000000000e+00,0.000000000e+00,0.000000000e+00,3.264948974e+00,2.731703806e-02,-3.309881317e-02,-1.879864937e-02,-1.845900809e-02,0.000000000e+00,1.346244269e-01,-7.173498481e-02,-4.507206645e-02,2.565512024e-03,-5.520051373e-02,-1.900850907e-02,-4.613574815e-02,-3.122129775e-01,5.786917425e-01,-4.977774024e-02,-4.582033259e-01,2.602644130e-01,5.880920291e-01,3.384615385e-01,3.744163269e-02,4.573849738e-01,2.878787879e-01,-7.008513086e-02,4.676693380e-01,9.375000000e-02,-2.131043408e-02,8.265215158e-01,6.363636364e-01,-1.429728774e-01,-1.452713673e-01,3.328812595e-01,-1.242589980e-01,2.994099779e-01,1.380258556e-02,1.943700308e-01,6.811952591e-01,5.880920291e-01,-8.265215158e-01,1.700000000e+01,1.553760618e-01,1.900000000e+01,2.300000000e+01
24,scissors,1,3.716475096e-01,-8.848878204e-02,4.556577998e-02,0.000000000e+00,0.000000000e+00,0.000000000e+00,4.032087932e+00,-4.338257484e-02,4.667638594e-02,-3.238679685e-02,2.327706439e-02,0.000000000e+00,9.969041176e-02,-6.801499738e-02,2.922485553e-03,8.266483970e-03,-1.379435951e-01,9.467454300e-02,-4.507598421e-02,-3.742713194e-01,2.872918337e-01,-5.083404155e-02,-6.400614763e-01,3.053642137e-01,9.262815118e-01,2.923076923e-01,-5.940942151e-03,6.760981679e-01,3.030303030e-01,-2.340874492e-02,7.421283722e-01,3.593750000e-01,-5.369723093e-02,9.558831453e-01,5.303030303e-01,-1.196958130e-01,-5.717752794e-02,3.841643143e-01,-1.432407127e-01,3.720452329e-01,1.169549765e-02,2.135448880e-01,7.886654139e-01,6.572201848e-01,-9.558831453e-01,1.700000000e+01,1.641843319e-01,2.200000000e+01,2.300000000e+01
25,rock,1,4.099616858e-01,-9.793692459e-02,2.751426459e-02,0.000000000e+00,0.000000000e+00,0.000000000e+00,0.000000000e+00,0.000000000e+00,0.000000000e+00,0.000000000e+00,0.000000000e+00,0.000000000e+00,8.878372763e-02,-3.848328075e-02,-1.661818015e-02,-1.015307060e-02,-7.542173113e-02,1.138140471e-01,-1.995580827e-02,-3.601736368e-01,3.708478014e-03,-3.822546803e-02,-4.375333949e-01,3.487941927e-01,9.589347243e-01,4.153846154e-01,-1.091637027e-02,7.952729464e-01,3.030303030e-01,-2.887179861e-02,8.229421377e-01,3.906250000e-01,-2.001130751e-02,1.040742993e+00,5.303030303e-01,-9.213667726e-02,2.602474998e-01,3.675524512e-01,-3.241848219e-01,3.123352772e-01,1.088867934e-01,2.159125543e-01,8.816124201e-01,9.040588140e-01,-1.040742993e+00,1.600000000e+01,1.658859402e-01,1.700000000e+01,2.400000000e+01
26,rock,1,4.252873563e-01,-1.145759296e-01,5.293733554e-02,0.000000000e+00,0.000000000e+00,0.000000000e+00,4.366761333e+00,9.521563133e-03,-3.082053300e-02,3.323309259e-02,-4.604786427e-02,0.000000000e+00,3.787516706e-02,-2.802961710e-02,-6.447011823e-02,2.265348702e-02,-5.430781143e-02,8.407764721e-02,-6.790487055e-02,-3.184099934e-01,-2.012966199e-02,-4.714307221e-02,-4.997768005e-01,3.220183032e-01,7.512066960e-01,2.923076923e-01,-1.394807135e-03,9.565450549e-01,3.636363636e-01,-5.969233160e-02,5.734538436e-01,3.593750000e-01,1.322178508e-02,8.673728108e-01,6.818181818e-01,-1.381845415e-01,3.751994102e-02,3.444746273e-01,-2.149663515e-01,3.218872453e-01,5.239242457e-02,2.680304155e-01,7.783588171e-01,5.779886246e-01,-9.565450549e-01,1.400000000e+01,1.714802980e-01,1.500000000e+01,2.600000000e+01
27,rock,1,3.409961686e-01,-1.501183412e-01,2.069008093e-02,0.000000000e+00,0.000000000e+00,0.000000000e+00,3.468507100e+00,3.226216419e-02,-2.001118368e-02,-5.662519252e-04,-5.255106070e-02,0.000000000e+00,1.197752555e-01,-9.751865792e-02,-3.515734779e-02,-2.152003108e-02,3.142035772e-02,-8.374220943e-02,-7.441556617e-02,-3.137904901e-01,9.840053309e-01,-5.759635795e-02,-8.648804673e-01,3.226346433e-01,5.700275898e-01,2.000000000e-01,3.086735706e-02,7.186777592e-01,2.575757576e-01,-7.970351528e-02,8.169430494e-01,2.343750000e-01,1.265553315e-02,1.221879005e+00,6.666666667e-01,-1.907356022e-01,-1.800113014e-01,4.190322963e-01,-1.655328671e-01,3.648403928e-01,3.221349409e-02,2.372870063e-01,8.797487020e-01,6.638537645e-01,-1.221879005e+00,1.800000000e+01,1.518587172e-01,1.900000000e+01,2.200000000e+01
28,rock,1,3.409961686e-01,-8.101919021e-02,-1.649583930e-02,0.000000000e+00,0.000000000e+00,0.000000000e+00,7.056975568e+00,-1.163222292e-02,5.610694409e-02,-5.473786854e-02,8.551610572e-02,0.000000000e+00,9.998830708e-02,-6.061105407e-03,-7.535047815e-03,-3.003655274e-02,-1.276948125e-01,1.444149942e-01,-9.981352190e-02,-2.898718377e-01,7.326248331e-01,-3.810285906e-02,-7.605961248e-01,3.250338555e-01,8.509929180e-01,2.923076923e-01,1.923513414e-02,8.157972097e-01,2.727272727e-01,-2.359657119e-02,8.706182241e-01,3.750000000e-01,-4.208233539e-02,1.089235425e+00,4.242424242e-01,-1.052194965e-01,4.848455549e-02,3.714524488e-01,-1.823982853e-01,4.037851423e-01,4.546676046e-02,2.017686204e-01,8.666931987e-01,6.410273910e-01,-1.089235425e+00,1.700000000e+01,1.440138370e-01,1.900000000e+01,2.300000000e+01
29,rock,1,4.137931034e-01,-1.330940934e-01,8.965989797e-02,0.000000000e+00,0.000000000e+00,0.000000000e+00,7.725966355e+00,-1.711595484e-02,-8.204343496e-02,6.443369011e-02,-8.362230409e-02,0.000000000e+00,2.850040739e-03,3.130944968e-02,-1.523836582e-01,2.454974245e-02,-4.511449507e-03,-6.008591311e-02,-8.215552679e-02,-3.168607588e-01,5.162221617e-02,-6.845810686e-02,-5.599536885e-01,3.385981637e-01,8.144508004e-01,4.923076923e-01,2.119179299e-03,9.825732708e-01,2.878787879e-01,-1.056400061e-01,7.195466161e-01,2.343750000e-01,2.235135471e-02,1.088065147e+00,6.363636364e-01,-1.888418006e-01,-1.167194989e-01,4.146248354e-01,-1.487052409e-01,3.769344868e-01,-7.921897821e-03,2.823347908e-01,8.640882373e-01,6.729461551e-01,-1.088065147e+00,1.600000000e+01,1.910238266e-01,1.700000000e+01,2.400000000e+01
30,paper,2,3.218390805e-01,-1.228059786e-01,8.258926811e-02,0.000000000e+00,0.000000000e+00,0.000000000e+00,0.000000000e+00,0.000000000e+00,0.000000000e+00,0.000000000e+00,0.000000000e+00,0.000000000e+00,1.327990833e-01,-9.847481729e-02,-3.948266769e-02,-3.995557203e-03,-1.596405284e-03,5.334933446e-02,-6.578308568e-02,-3.553006807e-01,5.799613492e-01,-4.520367026e-02,-7.387689263e-01,2.916443964e-01,6.886456609e-01,2.153846154e-01,3.200533840e-02,7.472740412e-01,3.636363636e-01,-8.120332025e-02,5.063493252e-01,1.093750000e-01,3.337779851e-02,9.244931936e-01,5.909090909e-01,-1.614434076e-01,8.767001127e-02,3.370120702e-01,-2.015664100e-01,3.067775336e-01,3.966074430e-02,2.208700958e-01,7.803571820e-01,6.208633184e-01,-9.244931936e-01,1.900000000e+01,1.641619056e-01,2.000000000e+01,2.100000000e+01
31,paper,2,3.908045977e-01,-1.285722691e-01,1.491078222e-01,0.000000000e+00,0.000000000e+00,0.000000000e+00,2.896549148e+00,1.728834584e-02,-3.468261037e-02,-5.874312046e-03,-3.339886902e-02,0.000000000e+00,2.429000726e-01,-1.825366288e-01,-1.195479254e-02,-4.856335727e-02,7.033254596e-02,-9.512962910e-02,3.478701497e-02,-5.084661250e-01,6.386139013e-01,-5.955459414e-02,-6.275375843e-01,3.551914652e-01,9.818024039e-01,4.923076923e-01,4.929368424e-02,6.628491879e-01,4.090909091e-01,-1.158859306e-01,4.418638349e-01,6.250000000e-02,2.750348646e-02,1.197154164e+00,5.909090909e-01,-1.948422766e-01,1.189377106e-02,3.203943028e-01,-2.108113369e-01,3.833341371e-01,3.086368113e-02,3.025903392e-01,9.323824644e-01,8.394999504e-01,-1.197154164e+00,1.700000000e+01,2.071154416e-01,2.000000000e+01,2.300000000e+01
32,paper,2,3.946360153e-01,-1.134303717e-01,6.692064639e-02,0.000000000e+00,0.000000000e+00,0.000000000e+00,4.265867498e+00,-2.040111089e-02,2.160490709e-02,8.804500918e-03,5.015564111e-02,0.000000000e+00,5.664641703e-02,-1.684199285e-02,-1.081222515e-01,7.786308331e-03,-1.223069364e-02,4.105288301e-02,-8.107234410e-02,-2.534695253e-01,3.202582621e-03,-4.433002696e-02,-5.808859398e-01,2.685418568e-01,4.997901917e-01,3.384615385e-01,2.889257336e-02,8.292698264e-01,3.787878788e-01,-9.428102352e-02,4.737862051e-01,2.187500000e-01,3.630798738e-02,7.722411156e-01,6.363636364e-01,-1.446866355e-01,4.356465010e-02,3.094525573e-01,-1.827312400e-01,2.610378347e-01,3.511947464e-02,2.260682729e-01,7.027722001e-01,4.962412715e-01,-8.292698264e-01,1.900000000e+01,1.444372833e-01,1.900000000e+01,2.100000000e+01
33,paper,2,3.793103448e-01,-1.017368205e-01,1.010136790e-01,0.000000000e+00,0.000000000e+00,0.000000000e+00,2.722882273e+00,2.678695417e-02,-7.394049754e-03,-2.439831909e-02,-1.844284013e-02,0.000000000e+00,1.828447987e-01,-1.156664368e-01,-3.411583172e-02,-5.568806175e-02,2.559896547e-02,-4.456920879e-02,-3.796477779e-02,-3.387751805e-01,5.956795898e-02,-5.017514241e-02,-6.121947533e-01,2.942112632e-01,6.102407575e-01,3.846153846e-01,5.567952753e-02,8.012045622e-01,4.393939394e-01,-1.016750733e-01,4.015294313e-01,6.250000000e-02,1.190966829e-02,7.690284848e-01,6.212121212e-01,-1.631294757e-01,-5.965745786e-02,3.202175127e-01,-2.071302406e-01,3.127627688e-01,5.584442738e-02,2.214646998e-01,7.302823663e-01,6.719174385e-01,-8.012045622e-01,1.900000000e+01,1.648437679e-01,1.900000000e+01,2.100000000e+01
34,paper,2,4.137931034e-01,-1.092595839e-01,1.199091133e-01,0.000000000e+00,0.000000000e+00,0.000000000e+00,3.417579314e+00,-4.166168407e-02,1.468206612e-02,2.062061305e-02,8.000839911e-03,0.000000000e+00,1.417572018e-01,-9.936214238e-02,-6.504562958e-02,1.728657301e-02,5.943364015e-02,-7.624236110e-02,3.176517354e-02,-4.243087948e-01,6.644520486e-02,-4.975835480e-02,-5.727269325e-01,3.876747084e-01,9.446238875e-01,5.692307692e-01,1.401784346e-02,1.076447725e+00,3.333333333e-01,-8.699300716e-02,7.627068758e-01,2.031250000e-01,3.253028134e-02,1.086518407e+00,5.454545455e-01,-1.551286357e-01,2.323577049e-01,4.118272105e-01,-3.119091331e-01,3.660514257e-01,8.386690537e-02,2.882067586e-01,9.566553235e-01,8.573529720e-01,-1.086518407e+00,1.700000000e+01,1.995297223e-01,1.900000000e+01,2.300000000e+01
35,scissors,2,4.022988506e-01,-1.284745500e-01,6.108737449e-02,0.000000000e+00,0.000000000e+00,0.000000000e+00,0.000000000e+00,0.000000000e+00,0.000000000e+00,0.000000000e+00,0.000000000e+00,0.000000000e+00,6.041480039e-02,-1.245253581e-02,-1.001663635e-01,-4.709804565e-02,4.986037718e-02,-2.296444364e-02,-6.409109628e-02,-3.631785923e-01,1.178556307e-01,-6.087739961e-02,-4.945362094e-01,3.228018113e-01,6.134800911e-01,3.384615385e-01,1.804367675e-02,8.687093258e-01,3.484848485e-01,-1.193486788e-01,4.460224807e-01,2.500000000e-01,5.450986040e-02,9.137672186e-01,6.666666667e-01,-1.920220993e-01,-7.660555715e-02,3.819412293e-01,-1.522191304e-01,3.643974358e-01,2.310777238e-03,2.635822526e-01,8.216355443e-01,6.937373877e-01,-9.137672186e-01,1.700000000e+01,1.663486958e-01,1.700000000e+01,2.300000000e+01
36,scissors,2,4.674329502e-01,8.147101416e-03,-1.181986581e-01,0.000000000e+00,0.000000000e+00,0.000000000e+00,7.093707148e+00,-6.508645630e-03,4.217207901e-02,1.039989776e-01,7.768122817e-02,0.000000000e+00,-2.623820206e-02,1.086550667e-01,-2.567680635e-01,2.357360478e-01,6.519161637e-02,1.259308274e-01,-1.059769131e-01,-2.127863957e-01,-9.919257251e-03,-6.688928826e-03,-2.934482344e-02,4.782192305e-01,6.935356259e-01,2.615384615e-01,1.153503112e-02,1.245987773e+00,4.393939394e-01,-7.717659976e-02,1.334408402e+00,6.875000000e-01,1.585088380e-01,1.003297210e+00,4.848484848e-01,-1.143408711e-01,-5.612876319e-02,4.891870968e-01,-1.876800915e-01,5.288900107e-01,1.211818221e-01,3.931662345e-01,1.117502689e+00,1.334408402e+00,-1.180190444e+00,1.500000000e+01,1.975080520e-01,1.700000000e+01,2.500000000e+01
37,scissors,2,3.448275862e-01,-1.261687534e-01,6.394721507e-02,0.000000000e+00,0.000000000e+00,0.000000000e+00,6.146237856e+00,-9.994530732e-03,-4.997062426e-03,-1.166262018e-01,-3.850781422e-02,0.000000000e+00,6.437983226e-02,-3.300425394e-02,-5.199851457e-02,-4.865770731e-02,3.667422033e-02,2.742116506e-02,-4.101518268e-02,-3.561449042e-01,4.045647655e-01,-4.877721723e-02,-6.697617533e-01,2.834637299e-01,5.696121454e-01,2.153846154e-01,1.540500388e-03,6.536723971e-01,3.787878788e-01,-8.217366219e-02,3.690994680e-01,1.718750000e-01,4.188263616e-02,9.389129281e-01,6.060606061e-01,-1.528486853e-01,1.104371929e-01,2.900980316e-01,-2.078041947e-01,2.772360565e-01,3.402199961e-02,2.339069788e-01,8.005220890e-01,5.496011972e-01,-9.389129281e-01,1.700000000e+01,1.595545709e-01,1.800000000e+01,2.300000000e+01
38,scissors,2,3.486590038e-01,-2.143877987e-02,5.790039903e-02,0.000000000e+00,0.000000000e+00,0.000000000e+00,6.433823747e+00,6.428745374e-02,-3.739931568e-02,-1.665599868e-02,-4.518797141e-03,0.000000000e+00,-4.975458311e-02,1.192736151e-01,-1.944500288e-01,-9.636990782e-03,-1.409153837e-01,1.825432440e-01,-2.697917446e-01,-2.218157398e-02,8.518336313e-01,-4.745114393e-02,-2.086827063e-01,4.272344888e-01,1.276647925e+00,3.846153846e-01,6.582795412e-02,1.424534321e+00,3.787878788e-01,-1.195729779e-01,6.981534362e-01,2.656250000e-01,2.522663748e-02,7.795311213e-01,3.636363636e-01,-1.573674825e-01,-2.253701597e-01,6.073406052e-01,-6.299185790e-02,4.921730887e-01,-1.114414482e-02,3.308424913e-01,1.175233126e+00,1.276647925e+00,-1.424534321e+00,1.600000000e+01,1.596829295e-01,1.800000000e+01,2.400000000e+01
39,scissors,2,4.444444444e-01,-5.439830774e-02,2.028846948e-02,0.000000000e+00,0.000000000e+00,0.000000000e+00,5.007344488e+00,-3.563481360e-02,4.110232228e-03,2.194348448e-02,4.767702046e-03,0.000000000e+00,1.839678201e-02,4.222257226e-02,-1.583492289e-01,4.029147496e-03,-3.497661788e-02,9.120570106e-02,-1.200459672e-01,-2.427241569e-01,9.917079209e-03,-4.869994169e-02,-4.588511518e-01,3.265565220e-01,7.088584900e-01,3.692307692e-01,3.019314052e-02,9.612159729e-01,4.242424242e-01,-1.154627456e-01,5.986431837e-01,4.375000000e-01,4.717012196e-02,8.887832761e-01,5.454545455e-01,-1.525997804e-01,1.300383764e-01,3.992698368e-01,-2.000713750e-01,3.299626255e-01,2.614834245e-02,2.681695353e-01,8.311385512e-01,7.088584900e-01,-9.612159729e-01,1.900000000e+01,1.794451624e-01,2.100000000e+01,2.100000000e+01
40,rock,2,4.367816092e-01,-5.125721735e-02,5.375514259e-02,0.000000000e+00,0.000000000e+00,0.000000000e+00,0.000000000e+00,0.000000000e+00,0.000000000e+00,0.000000000e+00,0.000000000e+00,0.000000000e+00,4.399739052e-02,-1.323037148e-02,-1.138760442e-01,1.280399219e-02,-6.257362344e-02,9.951362996e-02,-9.123956558e-02,-3.160435812e-01,1.711980648e-01,-5.349809488e-02,-6.128987318e-01,3.443724085e-01,6.818881035e-01,3.384615385e-01,1.620433818e-02,1.125992894e+00,4.696969697e-01,-9.917027806e-02,5.265584588e-01,2.968750000e-01,2.378756164e-02,8.642957807e-01,6.363636364e-01,-1.514159142e-01,4.240387040e-02,4.098621428e-01,-2.720793820e-01,3.220204163e-01,7.823705992e-02,2.660297947e-01,8.528810143e-01,6.589419246e-01,-1.125992894e+00,1.400000000e+01,1.881646365e-01,1.400000000e+01,2.600000000e+01
41,rock,2,4.712643678e-01,-1.299283050e-01,6.276541067e-02,0.000000000e+00,0.000000000e+00,0.000000000e+00,2.597652098e+00,-3.524844082e-02,3.331571799e-02,5.114458290e-03,-8.300705136e-03,0.000000000e+00,-2.577524068e-02,3.693933363e-02,-1.175150708e-01,3.758287351e-02,-2.489318709e-02,4.067735605e-02,-1.046904339e-01,-2.885022494e-01,-4.342825407e-01,-5.469668673e-02,-2.601465249e-01,2.874821440e-01,5.749138594e-01,4.307692308e-01,-1.904410264e-02,6.962777972e-01,3.333333333e-01,-6.585456007e-02,5.461720228e-01,3.437500000e-01,2.890201993e-02,7.312360406e-01,7.727272727e-01,-1.597166193e-01,8.559224675e-02,3.072164080e-01,-2.179922471e-01,2.735324011e-01,3.370821736e-02,2.401859706e-01,6.693176031e-01,6.125157475e-01,-7.312360406e-01,1.600000000e+01,1.690081656e-01,1.600000000e+01,2.400000000e+01
42,rock,2,3.908045977e-01,-1.526492482e-01,9.760204964e-02,0.000000000e+00,0.000000000e+00,0.000000000e+00,3.437073568e+00,5.770697988e-02,-2.881423546e-02,-3.334722330e-02,-9.919802799e-03,0.000000000e+00,1.832881974e-01,-1.288407289e-01,-1.964174191e-02,-5.878168612e-02,9.229969127e-03,-4.420370383e-02,-1.721365331e-02,-4.078482567e-01,1.932447014e-01,-5.829712782e-02,-6.612408716e-01,2.996257858e-01,7.316883206e-01,4.000000000e-01,3.866287724e-02,6.280326843e-01,3.484848485e-01,-9.466879552e-02,5.634202957e-01,1.718750000e-01,-4.445203369e-03,9.928278923e-01,6.363636364e-01,-1.696364221e-01,-5.896922281e-02,2.743709964e-01,-2.117658888e-01,3.066187755e-01,4.411339333e-02,2.507460340e-01,7.637430429e-01,6.310281754e-01,-9.928278923e-01,1.600000000e+01,1.726572961e-01,1.600000000e+01,2.400000000e+01
43,rock,2,4.406130268e-01,-1.293434839e-01,-3.494597007e-03,0.000000000e+00,0.000000000e+00,0.000000000e+00,3.606443264e+00,1.052792241e-02,4.131030365e-02,1.578126035e-02,3.933806740e-02,0.000000000e+00,8.593364934e-02,2.630941832e-03,-4.946218451e-02,-2.451265073e-02,-4.048816103e-02,8.189222329e-02,-1.282481882e-01,-1.898456601e-01,1.598971926e-01,-3.141165614e-02,-4.661928692e-01,2.620786441e-01,3.681011200e-01,3.692307692e-01,4.919079965e-02,5.294994712e-01,3.939393939e-01,-5.335849188e-02,5.019514561e-01,3.750000000e-01,1.133605698e-02,8.146440387e-01,6.212121212e-01,-1.302983547e-01,1.217215801e-02,2.437927535e-01,-1.476994961e-01,2.982805415e-01,3.975759759e-02,2.053116019e-01,6.658272743e-01,5.451681614e-01,-8.146440387e-01,1.600000000e+01,1.222869679e-01,1.600000000e+01,2.400000000e+01
44,rock,2,5.057471264e-01,-8.590827123e-02,1.888060289e-02,0.000000000e+00,0.000000000e+00,0.000000000e+00,3.245417693e+00,-5.697476964e-03,-1.353904385e-02,-1.637388563e-02,2.771481172e-02,0.000000000e+00,1.402805038e-01,-5.348422697e-02,-5.668612292e-02,-6.019196967e-03,-6.884322668e-02,1.047348616e-01,-5.518374157e-02,-2.857844660e-01,-4.045879222e-01,-3.326094351e-02,-4.614059271e-01,3.276908344e-01,6.891872883e-01,4.769230769e-01,4.349332268e-02,6.099548936e-01,3.787878788e-01,-6.689753573e-02,8.569234014e-01,5.625000000e-01,-5.037828654e-03,8.729776144e-01,6.060606061e-01,-1.025835430e-01,1.358713982e-01,3.109224780e-01,-2.787496080e-01,3.096319885e-01,1.057330330e-01,2.301051098e-01,7.375907302e-01,6.891872883e-01,-8.729776144e-01,1.700000000e+01,1.439996064e-01,1.800000000e+01,2.300000000e+01
45,paper,3,4.444444444e-01,-1.336781794e-01,5.427540647e-02,0.000000000e+00,0.000000000e+00,0.000000000e+00,0.000000000e+00,0.000000000e+00,0.000000000e+00,0.000000000e+00,0.000000000e+00,0.000000000e+00,2.636871958e-02,-2.100533346e-02,-6.899826722e-02,1.408982311e-02,-1.262146769e-02,1.140122328e-01,-9.631884680e-02,-2.873161284e-01,2.745272021e-01,-4.003463047e-02,-5.138161531e-01,2.720483933e-01,5.827779174e-01,4.615384615e-01,-8.336099295e-05,5.656523705e-01,3.181818182e-01,-6.432556047e-02,4.452132285e-01,3.593750000e-01,5.287458085e-02,8.660920262e-01,6.363636364e-01,-1.451834283e-01,1.824523987e-01,2.497399425e-01,-2.079265761e-01,2.606535211e-01,3.944730818e-02,2.177764498e-01,6.713824868e-01,5.972742438e-01,-8.660920262e-01,2.000000000e+01,1.500522643e-01,2.000000000e+01,2.000000000e+01
46,paper,3,4.482758621e-01,-1.175791078e-01,5.773119451e-02,0.000000000e+00,0.000000000e+00,0.000000000e+00,3.369922517e+00,2.454453369e-02,3.995975620e-02,-4.635808350e-02,6.151369323e-02,0.000000000e+00,1.778613057e-01,-1.210625230e-01,4.549003126e-02,-3.139591683e-02,-8.826077267e-03,1.053307565e-01,1.656555204e-02,-3.572176571e-01,2.781707436e-01,-1.962955381e-02,-4.301620057e-01,3.768824247e-01,8.724052906e-01,4.769230769e-01,2.446117269e-02,8.253706098e-01,2.272727273e-01,-2.436580427e-02,9.195831418e-01,5.312500000e-01,6.516497349e-03,1.166779399e+00,5.606060606e-01,-8.366973510e-02,3.705939583e-01,3.297083934e-01,-2.466522548e-01,3.807868727e-01,7.481131799e-02,2.818579454e-01,9.131177068e-01,9.137896895e-01,-1.166779399e+00,1.800000000e+01,1.508311778e-01,1.900000000e+01,2.200000000e+01
47,paper,3,4.022988506e-01,-1.320625031e-01,9.499189923e-02,0.000000000e+00,0.000000000e+00,0.000000000e+00,1.734476103e+00,-3.357189834e-02,-1.729869102e-02,2.103861776e-02,-1.806587877e-02,0.000000000e+00,1.010798092e-01,-1.026704554e-01,3.083677992e-03,-5.029896952e-03,1.839913422e-02,6.043806379e-02,1.903762046e-02,-3.621205759e-01,4.323938822e-01,-3.177424140e-02,-4.501253795e-01,3.197966497e-01,7.860290408e-01,5.692307692e-01,-9.110725642e-03,7.320942879e-01,1.363636364e-01,-4.166449529e-02,6.676557064e-01,4.062500000e-01,2.755511511e-02,1.028685927e+00,5.000000000e-01,-1.017356139e-01,3.259845323e-01,2.966253177e-01,-2.295478834e-01,2.982938637e-01,4.790169876e-02,2.492456449e-01,8.317604065e-01,8.260672688e-01,-1.028685927e+00,1.800000000e+01,1.613123268e-01,1.900000000e+01,2.200000000e+01
48,paper,3,3.639846743e-01,-1.751761136e-01,2.970831882e-02,0.000000000e+00,0.000000000e+00,0.000000000e+00,2.544547073e+00,7.298428723e-03,-2.169128219e-02,-2.079189162e-03,-3.081093671e-02,0.000000000e+00,5.455835511e-02,-6.604836966e-02,-2.515073254e-02,-3.337563696e-02,-1.565866054e-02,9.046809121e-02,-5.851782378e-02,-3.077578539e-01,1.055145099e+00,-4.374288770e-02,-8.927320673e-01,2.520576068e-01,4.505055845e-01,3.538461538e-01,-1.812296920e-03,3.293538690e-01,1.212121212e-01,-6.335577748e-02,5.447221398e-01,4.375000000e-01,2.547592595e-02,9.420979619e-01,5.454545455e-01,-1.325465506e-01,1.093109075e-01,1.798199837e-01,-1.404116510e-01,2.580531799e-01,-1.617390669e-03,2.337158730e-01,7.191920877e-01,4.125597775e-01,-9.420979619e-01,1.900000000e+01,1.572963595e-01,1.900000000e+01,2.100000000e+01
49,paper,3,3.754789272e-01,-8.327985369e-02,6.643650363e-02,0.000000000e+00,0.000000000e+00,0.000000000e+00,7.794080785e+00,7.289461847e-02,-2.149409303e-02,6.848363249e-03,-1.695562139e-02,0.000000000e+00,-5.157366910e-02,1.455753152e-01,-1.955237282e-01,5.878798192e-02,-1.131971150e-01,1.107315492e-01,-2.404079401e-01,1.275434124e-02,9.689894324e-01,-3.363267967e-02,4.270145088e-01,4.483830895e-01,1.515352249e+00,4.307692308e-01,7.108232155e-02,7.697945833e-01,2.727272727e-01,-8.484987051e-02,8.340443373e-01,3.593750000e-01,3.232428920e-02,1.010004401e+00,4.393939394e-01,-1.495021720e-01,-1.677826175e-01,5.797793774e-01,1.661258608e-02,5.304894187e-01,-4.756599091e-02,3.510883947e-01,1.113850951e+00,1.515352249e+00,-1.252049565e+00,1.600000000e+01,1.277286708e-01,2.000000000e+01,2.400000000e+01
50,scissors,3,3.601532567e-01,-1.079081571e-01,4.024792110e-02,0.000000000e+00,0.000000000e+00,0.000000000e+00,0.000000000e+00,0.000000000e+00,0.000000000e+00,0.000000000e+00,0.000000000e+00,0.000000000e+00,7.653173885e-02,-7.927458073e-02,2.901828324e-03,-9.965692379e-02,5.914230329e-02,3.728848030e-02,-1.978458278e-02,-3.432724383e-01,9.483809669e-01,-4.431469830e-02,-8.225529326e-01,2.795920852e-01,5.295147300e-01,2.461538462e-01,-1.063896866e-03,6.574190855e-01,3.484848485e-01,-8.105796687e-02,3.961769342e-01,2.812500000e-01,4.497204926e-02,1.035397649e+00,5.606060606e-01,-1.367480045e-01,2.865239064e-02,1.840214765e-01,-1.070969277e-01,3.374015947e-01,-1.310091251e-02,2.376469514e-01,7.646256089e-01,5.608976483e-01,-1.035397649e+00,1.700000000e+01,1.410387158e-01,1.800000000e+01,2.300000000e+01
51,scissors,3,4.176245211e-01,-1.205085106e-01,5.156815183e-02,0.000000000e+00,0.000000000e+00,0.000000000e+00,3.724770976e+00,2.983945373e-02,-1.069618829e-02,4.377226738e-03,-1.875464319e-02,0.000000000e+00,4.979734521e-02,-3.516545444e-02,-7.497806140e-02,-1.981328507e-02,2.065988088e-02,3.283692038e-02,-9.225233743e-02,-2.380682062e-01,3.107832864e-01,-4.325741046e-02,-4.531636979e-01,2.302242396e-01,4.860866070e-01,3.538461538e-01,2.877555687e-02,5.383998752e-01,4.242424242e-01,-9.175415516e-02,4.310945570e-01,2.968750000e-01,4.934927600e-02,7.875196338e-01,5.909090909e-01,-1.555026477e-01,-7.877319892e-02,2.263363218e-01,-5.938116048e-02,2.517190127e-01,-2.732885796e-02,2.138805866e-01,5.818564296e-01,4.860866070e-01,-7.875196338e-01,1.700000000e+01,1.392034441e-01,2.000000000e+01,2.300000000e+01
52,scissors,3,4.406130268e-01,-6.375318042e-02,6.808216284e-02,0.000000000e+00,0.000000000e+00,0.000000000e+00,4.951349350e+00,1.161462095e-02,3.892868006e-02,-7.801668748e-03,4.800930581e-02,0.000000000e+00,1.812601025e-01,-1.429135082e-01,4.414744696e-02,-6.912291046e-02,4.000219404e-02,9.468258991e-02,-2.011847778e-02,-3.068347988e-01,2.082571537e-01,-2.029361495e-02,-4.251283382e-01,3.579154790e-01,8.234571218e-01,4.153846154e-01,4.039017782e-02,7.515415549e-01,4.242424242e-01,-5.282547510e-02,5.634753704e-01,4.218750000e-01,4.154760725e-02,1.083444357e+00,5.000000000e-01,-1.074933419e-01,2.803496788e-01,3.413710128e-01,-2.494466251e-01,3.700881843e-01,8.863124482e-02,2.526449257e-01,8.415410519e-01,8.898941278e-01,-1.083444357e+00,1.700000000e+01,1.409287155e-01,1.700000000e+01,2.300000000e+01
53,scissors,3,3.524904215e-01,-1.504792484e-01,7.862042504e-02,0.000000000e+00,0.000000000e+00,0.000000000e+00,2.649123126e+00,-4.330484068e-02,7.155527738e-03,-1.974296746e-02,-2.564106913e-03,0.000000000e+00,1.219717469e-01,-1.217441590e-01,2.403788576e-02,-3.391512427e-02,2.773119580e-02,4.402582647e-02,2.735279442e-02,-3.817648435e-01,8.320638381e-01,-3.475848386e-02,-7.683936148e-01,3.164164199e-01,6.583637595e-01,4.307692308e-01,-2.914662862e-03,5.266227722e-01,1.363636364e-01,-4.566994737e-02,6.740230322e-01,3.437500000e-01,2.180463979e-02,1.147305727e+00,5.000000000e-01,-1.100574488e-01,2.345834262e-01,2.172727341e-01,-1.853140209e-01,3.263594498e-01,2.633284562e-02,2.723085729e-01,8.804543614e-01,5.802319646e-01,-1.147305727e+00,1.700000000e+01,1.531304717e-01,1.800000000e+01,2.300000000e+01
54,scissors,3,3.831417625e-01,-5.947860591e-02,3.639201568e-02,0.000000000e+00,0.000000000e+00,0.000000000e+00,3.624965730e+00,4.317605300e-02,-5.684503365e-03,2.593450467e-02,-6.345266138e-03,0.000000000e+00,1.062445048e-01,-3.047741711e-02,-2.102915004e-02,-2.916000259e-02,2.536263021e-02,8.719062568e-02,-8.539174573e-02,-2.307256826e-01,7.878538607e-01,-2.068841889e-02,-6.427933807e-01,3.004161591e-01,6.957062483e-01,3.384615385e-01,4.026139014e-02,7.699518800e-01,4.090909091e-01,-5.135445073e-02,5.917257071e-01,2.968750000e-01,4.773914446e-02,1.030758262e+00,4.848484848e-01,-1.164027150e-01,2.473302138e-01,3.201884029e-01,-1.904714868e-01,3.375009949e-01,5.341424241e-02,1.936607742e-01,7.678606510e-01,7.594956756e-01,-1.030758262e+00,1.800000000e+01,1.301739216e-01,1.900000000e+01,2.200000000e+01
55,rock,3,4.329501916e-01,-8.566191900e-02,4.537463941e-02,0.000000000e+00,0.000000000e+00,0.000000000e+00,0.000000000e+00,0.000000000e+00,0.000000000e+00,0.000000000e+00,0.000000000e+00,0.000000000e+00,1.469094045e-01,-7.303586503e-02,3.740613270e-02,-3.984342733e-02,-8.914813223e-03,8.228461021e-02,-1.272594302e-01,-1.882383234e-01,1.632060187e-01,-1.967352338e-02,-4.183497714e-01,3.115379280e-01,5.847038627e-01,3.384615385e-01,7.491069460e-02,7.773007751e-01,4.696969697e-01,-3.218657248e-02,5.510119200e-01,2.500000000e-01,2.552847278e-02,9.190762043e-01,6.666666667e-01,-1.441438367e-01,9.671875497e-02,3.516438716e-01,-1.827732196e-01,3.416644906e-01,7.208573351e-02,2.278775589e-01,7.563735247e-01,7.773007751e-01,-9.190762043e-01,1.500000000e+01,1.352990866e-01,1.500000000e+01,2.500000000e+01
56,rock,3,4.099616858e-01,-1.906727514e-01,7.545604600e-02,0.000000000e+00,0.000000000e+00,0.000000000e+00,3.427368594e+00,-4.510464164e-02,-5.364902441e-02,-2.469238942e-03,-4.451615705e-02,0.000000000e+00,5.789774755e-02,-5.620027659e-03,-8.755565264e-02,-4.870648637e-03,-1.822741270e-02,4.455302927e-03,-1.127122474e-01,-2.958882275e-01,3.040893769e-01,-5.633534320e-02,-2.200309358e-01,2.871807818e-01,7.332783341e-01,4.461538462e-01,2.980605297e-02,5.194448233e-01,2.121212121e-01,-8.583559689e-02,4.843046069e-01,2.656250000e-01,2.305923383e-02,8.581110835e-01,7.121212121e-01,-1.886599938e-01,-7.218119857e-02,3.659548110e-01,-9.075328436e-02,3.224239097e-01,-3.107919519e-02,2.432745794e-01,7.325868607e-01,7.332783341e-01,-8.581110835e-01,1.600000000e+01,1.698600799e-01,1.800000000e+01,2.400000000e+01
57,rock,3,3.908045977e-01,-1.009887362e-01,-4.871934300e-02,0.000000000e+00,0.000000000e+00,0.000000000e+00,3.503178940e+00,4.074393021e-02,1.062766376e-02,8.888904558e-04,6.350512452e-02,0.000000000e+00,7.478561156e-02,5.363562706e-02,-1.389934717e-01,6.209614071e-02,-1.050951183e-01,1.316075001e-01,-1.478545812e-01,-1.596722033e-01,2.916495961e-01,-2.722419961e-02,-3.708935879e-01,3.316744550e-01,6.538802385e-01,2.307692308e-01,7.054998317e-02,8.302083611e-01,3.030303030e-01,-7.520793313e-02,6.646589041e-01,4.375000000e-01,2.394812429e-02,1.019800901e+00,5.909090909e-01,-1.251548693e-01,7.715378081e-02,3.937659029e-01,-1.875277656e-01,3.784215633e-01,6.442305558e-02,2.327865864e-01,8.196458817e-01,7.410897017e-01,-1.019800901e+00,1.700000000e+01,1.330534816e-01,1.900000000e+01,2.300000000e+01
58,rock,3,4.214559387e-01,-1.613659113e-01,2.048651740e-02,0.000000000e+00,0.000000000e+00,0.000000000e+00,2.657635876e+00,-5.011213327e-02,3.943726505e-03,-3.169298718e-03,-3.355660668e-02,0.000000000e+00,2.072635855e-02,3.898862953e-03,-1.122404720e-01,4.720795376e-02,-6.939773599e-02,7.151224690e-02,-1.322813292e-01,-2.235154209e-01,-8.978881112e-02,-4.796969337e-02,-2.140290668e-01,2.889528239e-01,5.735355616e-01,3.692307692e-01,2.043784990e-02,5.870746374e-01,3.030303030e-01,-7.126420663e-02,6.886720061e-01,3.593750000e-01,2.077882557e-02,7.148950100e-01,6.515151515e-01,-1.587114759e-01,4.457905374e-02,3.282371037e-01,-1.875751577e-01,2.892818714e-01,3.160392388e-02,2.434272967e-01,6.937329173e-01,7.103201747e-01,-7.148950100e-01,1.700000000e+01,1.464112997e-01,1.700000000e+01,2.300000000e+01
59,rock,3,3.946360153e-01,-1.475187492e-01,-4.567274661e-02,0.000000000e+00,0.000000000e+00,0.000000000e+00,1.692265976e+00,3.867917728e-02,1.735631561e-02,-1.121107819e-02,3.258631963e-02,0.000000000e+00,5.842454400e-02,2.854534169e-02,-1.057989236e-01,5.572995351e-02,-9.564725653e-02,1.051870921e-01,-1.636123097e-01,-1.206208604e-01,5.074651435e-01,-2.845685259e-02,-2.369702202e-01,2.657914508e-01,3.784171939e-01,2.615384615e-01,5.911702718e-02,4.200343788e-01,2.878787879e-01,-5.390789102e-02,6.878766418e-01,4.375000000e-01,9.567747380e-03,7.840285301e-01,5.909090909e-01,-1.261251563e-01,-1.113817260e-02,2.880770824e-01,-1.429958834e-01,2.963055834e-01,4.537686044e-02,2.077718525e-01,6.643044949e-01,7.840285301e-01,-7.692905664e-01,1.600000000e+01,1.078797355e-01,1.800000000e+01,2.400000000e+01
60,paper,4,3.831417625e-01,-1.034121219e-01,2.284025285e-02,0.000000000e+00,0.000000000e+00,0.000000000e+00,0.000000000e+00,0.000000000e+00,0.000000000e+00,0.000000000e+00,0.000000000e+00,0.000000000e+00,1.422154523e-01,-2.454304789e-01,6.406271568e-03,7.987621303e-02,-1.485132968e-01,1.682002880e-01,-1.695360633e-01,-2.501272843e-01,8.026049504e-02,-4.964402545e-02,-4.363648298e-01,3.873306824e-01,8.436971903e-01,3.230769231e-01,4.118943720e-02,1.020841956e+00,3.030303030e-01,-5.721262846e-02,7.320345640e-01,3.593750000e-01,-6.302372370e-03,1.075178862e+00,5.454545455e-01,-1.735608901e-01,-7.882904545e-02,3.706660532e-01,-1.692131592e-01,4.605408355e-01,3.432487914e-02,3.062337971e-01,9.918351769e-01,8.753504157e-01,-1.075178862e+00,1.400000000e+01,2.073191553e-01,1.600000000e+01,2.600000000e+01
61,paper,4,3.141762452e-01,-3.228086126e-02,4.512391974e-02,0.000000000e+00,0.000000000e+00,0.000000000e+00,5.751792824e+00,9.018307098e-02,-7.743005022e-02,4.447887192e-02,8.427252937e-03,0.000000000e+00,1.596617706e-01,-8.293853537e-02,-1.056234158e-01,-1.541836455e-02,-8.461675066e-02,1.088499892e-01,-1.749058992e-01,-9.034836490e-02,1.557237496e+00,-3.372692661e-02,1.204013982e-01,5.137595326e-01,1.755328417e+00,3.384615385e-01,1.313725082e-01,1.570898890e+00,3.333333333e-01,-1.346426787e-01,8.030551672e-01,1.406250000e-01,3.817649955e-02,1.181599617e+00,4.393939394e-01,-1.651336372e-01,-1.861421792e-01,7.833267243e-01,-9.937360115e-02,6.146036492e-01,3.226474743e-02,3.556446308e-01,1.441882610e+00,1.755328417e+00,-1.570898890e+00,1.900000000e+01,1.872931719e-01,1.900000000e+01,2.100000000e+01
62,paper,4,3.218390805e-01,-2.138124719e-01,1.085041863e-02,0.000000000e+00,0.000000000e+00,0.000000000e+00,6.877840761e+00,-1.006211205e-01,5.773228605e-02,-2.859696806e-02,3.235371495e-02,0.000000000e+00,9.157910790e-02,-5.181360361e-02,-7.936618615e-02,3.473380919e-02,-9.158498569e-02,1.186467041e-01,-6.240096650e-02,-3.183121390e-01,1.380533334e+00,-4.301774164e-02,-7.025317943e-01,2.640777726e-01,5.349458456e-01,2.615384615e-01,3.075138766e-02,2.972088754e-01,7.575757576e-02,-7.691039263e-02,5.582181811e-01,4.218750000e-01,9.579531492e-03,9.771183133e-01,5.303030303e-01,-1.327799223e-01,5.790860933e-02,2.280999337e-01,-1.145661362e-01,2.741850622e-01,-1.003723812e-02,2.504127011e-01,7.415749431e-01,5.075474977e-01,-9.771183133e-01,1.900000000e+01,1.625088453e-01,2.000000000e+01,2.100000000e+01
63,paper,4,3.409961686e-01,-6.141660672e-02,8.975217720e-02,0.000000000e+00,0.000000000e+00,0.000000000e+00,5.849335945e+00,2.806038908e-02,2.462968342e-02,1.533933543e-02,5.417527193e-04,0.000000000e+00,4.114744560e-02,-2.560083795e-02,-6.620128162e-02,3.036090551e-02,-6.320576517e-02,7.393758315e-02,-1.548117074e-01,-5.075323716e-02,1.872228787e+00,-2.590296178e-02,6.369235202e-01,3.720282235e-01,1.416599631e+00,5.230769231e-01,5.881177674e-02,7.374964356e-01,2.575757576e-01,-5.228070920e-02,6.231224537e-01,2.812500000e-01,2.491886693e-02,8.796229362e-01,3.030303030e-01,-1.322381695e-01,5.896006489e-02,5.403421891e-01,1.764725021e-04,4.426330035e-01,-5.566510936e-02,2.743623559e-01,1.017823577e+00,1.416599631e+00,-8.987556696e-01,1.600000000e+01,1.543971449e-01,1.600000000e+01,2.400000000e+01
64,paper,4,4.329501916e-01,-1.181698600e-01,-4.218614530e-02,0.000000000e+00,0.000000000e+00,0.000000000e+00,5.128342818e+00,2.956534626e-02,-5.925492076e-02,7.439551759e-03,-2.618319149e-02,0.000000000e+00,1.263634673e-01,-3.361477361e-02,-1.416879634e-01,6.079789285e-02,-1.124822966e-01,1.551511068e-01,-1.527449784e-01,-2.254669315e-01,-1.543062543e-01,-3.832072649e-02,-1.482773210e-01,2.961478453e-01,5.966272950e-01,2.461538462e-01,8.837712301e-02,6.983100176e-01,3.181818182e-01,-1.115356300e-01,6.791161299e-01,5.156250000e-01,3.235841868e-02,7.686769366e-01,6.515151515e-01,-1.584213610e-01,1.134280257e-02,3.345754426e-01,-1.644028733e-01,3.146570966e-01,3.849144006e-02,2.444878776e-01,6.982388496e-01,7.262911797e-01,-7.686769366e-01,1.800000000e+01,1.653581858e-01,2.000000000e+01,2.200000000e+01
